Año,Ubicación,Cocaína (kg),Marihuana (kg),Sustancias Químicas Sólidas (kg),Sustancias Químicas Líquidas (L),Latitud,Longitud,País,Base de Coca (kg),Armas Incautadas,Laboratorios Destruidos,CASOS_x,HEROAINA_(KG),TOTAL_DROGAS_KG.,Intervenciones
2022,Santa Cruz,8.26,2.51,29.6,267.7,-17.7892,-63.1975,Bolivia,,,,,,,
2022,Beni,4.48,1.73,11.0,59.3,-14.8354,-65.3488,Bolivia,,,,,,,
2022,Cochabamba,3.24,143.16,635.0,88.6,-17.3935,-66.157,Bolivia,,,,,,,
2022,La Paz,1.72,5.42,54.1,49.5,-16.5,-68.15,Bolivia,,,,,,,
2022,Oruro,1.13,3.03,0.7,1.4,-17.9647,-67.1065,Bolivia,,,,,,,
2022,Potosí,0.73,1.92,0.0,5.8,-19.5836,-65.7531,Bolivia,,,,,,,
2022,Tarija,0.68,0.74,15.0,39.3,-21.5355,-64.7296,Bolivia,,,,,,,
2022,Pando,0.06,0.06,0.0,0.0,-11.0264,-67.7404,Bolivia,,,,,,,
2022,Chuquisaca,0.03,32.16,0.0,0.0,-19.0478,-65.2592,Bolivia,,,,,,,
2019,AMAZONAS,13579.828,,,,-1.2019,-70.0022,Colombia,0.0,56.0,,,,,
2020,AMAZONAS,15621.43,,,,-1.2019,-70.0022,Colombia,0.0,22.0,,,,,
2021,AMAZONAS,11079.036,,,,-1.2019,-70.0022,Colombia,0.0,32.0,,,,,
2022,AMAZONAS,9025.093,,,,-1.2019,-70.0022,Colombia,557.431,46.0,,,,,
2023,AMAZONAS,16806.508,,,,-1.2019,-70.0022,Colombia,17.539,88.0,,,,,
2024,AMAZONAS,10110.808,,,,-1.2019,-70.0022,Colombia,43.89013,11.0,,,,,
2019,ANTIOQUIA,1405899.144,,,,7.1986,-75.3412,Colombia,0.0,4548.0,,,,,
2020,ANTIOQUIA,2250388.698,,,,7.1986,-75.3412,Colombia,0.0,3426.0,,,,,
2021,ANTIOQUIA,1230659.168,,,,7.1986,-75.3412,Colombia,0.0,3418.0,,,,,
2022,ANTIOQUIA,1260401.675,,,,7.1986,-75.3412,Colombia,2160.80227,3104.0,,,,,
2023,ANTIOQUIA,1889065.822,,,,7.1986,-75.3412,Colombia,4216.97553,5496.0,,,,,
2024,ANTIOQUIA,707999.965,,,,7.1986,-75.3412,Colombia,3402.51832,1023.0,,,,,
2019,ARAUCA,12602.556,,,,7.0731,-70.7591,Colombia,0.0,126.0,,,,,
2020,ARAUCA,7475.354,,,,7.0731,-70.7591,Colombia,0.0,88.0,,,,,
2021,ARAUCA,17403.428,,,,7.0731,-70.7591,Colombia,0.0,118.0,,,,,
2022,ARAUCA,13000.401,,,,7.0731,-70.7591,Colombia,3.8742,302.0,,,,,
2023,ARAUCA,24036.786,,,,7.0731,-70.7591,Colombia,1.1783,264.0,,,,,
2024,ARAUCA,9630.236,,,,7.0731,-70.7591,Colombia,37.71879999999999,39.0,,,,,
2019,ATLANTICO,547771.518,,,,10.6966,-74.8741,Colombia,0.0,4354.0,,,,,
2020,ATLANTICO,301335.682,,,,10.6966,-74.8741,Colombia,0.0,3348.0,,,,,
2021,ATLANTICO,407164.298,,,,10.6966,-74.8741,Colombia,0.0,5038.0,,,,,
2022,ATLANTICO,370352.705,,,,10.6966,-74.8741,Colombia,343.02488,4147.0,,,,,
2023,ATLANTICO,452220.866,,,,10.6966,-74.8741,Colombia,78.26625,7169.0,,,,,
2024,ATLANTICO,226316.793,,,,10.6966,-74.8741,Colombia,176.80581,1082.0,,,,,
2019,BOLIVAR,275826.442,,,,8.6704,-74.03,Colombia,0.0,1634.0,,,,,
2020,BOLIVAR,282500.06,,,,8.6704,-74.03,Colombia,0.0,1796.0,,,,,
2021,BOLIVAR,308608.944,,,,8.6704,-74.03,Colombia,0.0,1884.0,,,,,
2022,BOLIVAR,280249.678,,,,8.6704,-74.03,Colombia,5830.1038,1886.0,,,,,
2023,BOLIVAR,374335.665,,,,8.6704,-74.03,Colombia,7544.97295,3090.0,,,,,
2024,BOLIVAR,163410.333,,,,8.6704,-74.03,Colombia,1947.46267,454.0,,,,,
2019,BOYACA,93543.554,,,,5.4545,-73.362,Colombia,0.0,1388.0,,,,,
2020,BOYACA,112510.978,,,,5.4545,-73.362,Colombia,0.0,1290.0,,,,,
2021,BOYACA,74906.828,,,,5.4545,-73.362,Colombia,0.0,524.0,,,,,
2022,BOYACA,70395.007,,,,5.4545,-73.362,Colombia,219.017,404.0,,,,,
2023,BOYACA,104947.02,,,,5.4545,-73.362,Colombia,608.47741,639.0,,,,,
2024,BOYACA,38280.98,,,,5.4545,-73.362,Colombia,15.27147,135.0,,,,,
2019,CALDAS,273558.686,,,,5.2983,-75.2479,Colombia,0.0,1510.0,,,,,
2020,CALDAS,251002.684,,,,5.2983,-75.2479,Colombia,0.0,994.0,,,,,
2021,CALDAS,232873.014,,,,5.2983,-75.2479,Colombia,0.0,882.0,,,,,
2022,CALDAS,236110.624,,,,5.2983,-75.2479,Colombia,558.6168,712.0,,,,,
2023,CALDAS,356905.575,,,,5.2983,-75.2479,Colombia,78.68693,1059.0,,,,,
2024,CALDAS,151615.304,,,,5.2983,-75.2479,Colombia,41.66029,189.0,,,,,
2019,CAQUETA,93558.634,,,,0.8699,-73.8419,Colombia,0.0,576.0,,,,,
2020,CAQUETA,112136.404,,,,0.8699,-73.8419,Colombia,0.0,438.0,,,,,
2021,CAQUETA,99229.162,,,,0.8699,-73.8419,Colombia,0.0,330.0,,,,,
2022,CAQUETA,86240.171,,,,0.8699,-73.8419,Colombia,2814.0313,282.0,,,,,
2023,CAQUETA,109994.28,,,,0.8699,-73.8419,Colombia,1241.04207,377.0,,,,,
2024,CAQUETA,49101.907,,,,0.8699,-73.8419,Colombia,898.2477,68.0,,,,,
2019,CASANARE,35254.022,,,,5.7589,-71.5724,Colombia,0.0,432.0,,,,,
2020,CASANARE,38098.04,,,,5.7589,-71.5724,Colombia,0.0,384.0,,,,,
2021,CASANARE,43096.648,,,,5.7589,-71.5724,Colombia,0.0,410.0,,,,,
2022,CASANARE,42345.351,,,,5.7589,-71.5724,Colombia,2.921,424.0,,,,,
2023,CASANARE,58525.346,,,,5.7589,-71.5724,Colombia,6.2166,661.0,,,,,
2024,CASANARE,34479.075,,,,5.7589,-71.5724,Colombia,23.28578,206.0,,,,,
2019,CAUCA,235877.022,,,,2.7052,-76.825,Colombia,0.0,1054.0,,,,,
2020,CAUCA,269862.582,,,,2.7052,-76.825,Colombia,0.0,1078.0,,,,,
2021,CAUCA,252638.176,,,,2.7052,-76.825,Colombia,0.0,1066.0,,,,,
2022,CAUCA,258018.047,,,,2.7052,-76.825,Colombia,11993.741,1111.0,,,,,
2023,CAUCA,319631.843,,,,2.7052,-76.825,Colombia,9975.249,1698.0,,,,,
2024,CAUCA,126264.541,,,,2.7052,-76.825,Colombia,10025.5683,287.0,,,,,
2019,CESAR,247634.93,,,,9.3373,-73.6531,Colombia,0.0,1354.0,,,,,
2020,CESAR,158530.958,,,,9.3373,-73.6531,Colombia,0.0,1272.0,,,,,
2021,CESAR,110095.416,,,,9.3373,-73.6531,Colombia,0.0,1054.0,,,,,
2022,CESAR,83802.611,,,,9.3373,-73.6531,Colombia,155.3626,1032.0,,,,,
2023,CESAR,133344.068,,,,9.3373,-73.6531,Colombia,319.4858,1639.0,,,,,
2024,CESAR,76961.82,,,,9.3373,-73.6531,Colombia,486.5176,346.0,,,,,
2019,CHOCO,34305.59,,,,5.6919,-76.6581,Colombia,0.0,476.0,,,,,
2020,CHOCO,35509.662,,,,5.6919,-76.6581,Colombia,0.0,486.0,,,,,
2021,CHOCO,43950.896,,,,5.6919,-76.6581,Colombia,0.0,774.0,,,,,
2022,CHOCO,36598.688,,,,5.6919,-76.6581,Colombia,10365.7938,503.0,,,,,
2023,CHOCO,62483.481,,,,5.6919,-76.6581,Colombia,8097.17543,736.0,,,,,
2024,CHOCO,17269.344,,,,5.6919,-76.6581,Colombia,4908.29247,110.0,,,,,
2019,CUNDINAMARCA,981718.14,,,,4.857,-74.0628,Colombia,0.0,4744.0,,,,,
2020,CUNDINAMARCA,1536588.298,,,,4.857,-74.0628,Colombia,0.0,4038.0,,,,,
2021,CUNDINAMARCA,897931.784,,,,4.857,-74.0628,Colombia,0.0,4368.0,,,,,
2022,CUNDINAMARCA,893499.661,,,,4.857,-74.0628,Colombia,146.43961,3393.0,,,,,
2023,CUNDINAMARCA,1164362.741,,,,4.857,-74.0628,Colombia,165.36058,5152.0,,,,,
2024,CUNDINAMARCA,440853.242,,,,4.857,-74.0628,Colombia,446.50843,885.0,,,,,
2019,CORDOBA,119019.774,,,,8.8499,-75.5745,Colombia,0.0,698.0,,,,,
2020,CORDOBA,112038.7,,,,8.8499,-75.5745,Colombia,0.0,614.0,,,,,
2021,CORDOBA,133554.78,,,,8.8499,-75.5745,Colombia,0.0,582.0,,,,,
2022,CORDOBA,151441.946,,,,8.8499,-75.5745,Colombia,123.3346,460.0,,,,,
2023,CORDOBA,210440.738,,,,8.8499,-75.5745,Colombia,1230.9885,793.0,,,,,
2024,CORDOBA,88787.998,,,,8.8499,-75.5745,Colombia,1063.4617,130.0,,,,,
2019,GUAINIA,4942.98,,,,2.5854,-68.5247,Colombia,0.0,10.0,,,,,
2020,GUAINIA,4253.8,,,,2.5854,-68.5247,Colombia,0.0,12.0,,,,,
2021,GUAINIA,3737.778,,,,2.5854,-68.5247,Colombia,0.0,10.0,,,,,
2022,GUAINIA,2944.0,,,,2.5854,-68.5247,Colombia,0.4781999999999999,16.0,,,,,
2023,GUAINIA,4044.42,,,,2.5854,-68.5247,Colombia,0.667,57.0,,,,,
2024,GUAINIA,1326.8,,,,2.5854,-68.5247,Colombia,0.298,9.0,,,,,
2019,LA GUAJIRA,132848.276,,,,11.5449,-72.907,Colombia,0.0,1184.0,,,,,
2020,LA GUAJIRA,129460.98,,,,11.5449,-72.907,Colombia,0.0,1010.0,,,,,
2021,LA GUAJIRA,128727.986,,,,11.5449,-72.907,Colombia,0.0,842.0,,,,,
2022,LA GUAJIRA,142830.656,,,,11.5449,-72.907,Colombia,99.063,828.0,,,,,
2023,LA GUAJIRA,213015.807,,,,11.5449,-72.907,Colombia,15.2343,1296.0,,,,,
2024,LA GUAJIRA,97473.927,,,,11.5449,-72.907,Colombia,22.3218,298.0,,,,,
2019,GUAVIARE,28000.818,,,,2.5726,-72.646,Colombia,0.0,110.0,,,,,
2020,GUAVIARE,31620.424,,,,2.5726,-72.646,Colombia,0.0,112.0,,,,,
2021,GUAVIARE,50522.832,,,,2.5726,-72.646,Colombia,0.0,190.0,,,,,
2022,GUAVIARE,51642.372,,,,2.5726,-72.646,Colombia,8948.4694,180.0,,,,,
2023,GUAVIARE,66846.9,,,,2.5726,-72.646,Colombia,11454.847,215.0,,,,,
2024,GUAVIARE,15425.768,,,,2.5726,-72.646,Colombia,5475.578,22.0,,,,,
2019,HUILA,162700.838,,,,2.538,-75.5277,Colombia,0.0,732.0,,,,,
2020,HUILA,151494.578,,,,2.538,-75.5277,Colombia,0.0,546.0,,,,,
2021,HUILA,163848.232,,,,2.538,-75.5277,Colombia,0.0,694.0,,,,,
2022,HUILA,188783.872,,,,2.538,-75.5277,Colombia,491.89091,623.0,,,,,
2023,HUILA,329016.511,,,,2.538,-75.5277,Colombia,1102.39301,1191.0,,,,,
2024,HUILA,121963.733,,,,2.538,-75.5277,Colombia,1380.62996,207.0,,,,,
2019,MAGDALENA,188009.114,,,,10.4113,-74.4057,Colombia,0.0,1170.0,,,,,
2020,MAGDALENA,169135.526,,,,10.4113,-74.4057,Colombia,0.0,1000.0,,,,,
2021,MAGDALENA,154458.482,,,,10.4113,-74.4057,Colombia,0.0,870.0,,,,,
2022,MAGDALENA,160041.838,,,,10.4113,-74.4057,Colombia,62.5419,937.0,,,,,
2023,MAGDALENA,169549.585,,,,10.4113,-74.4057,Colombia,80.59523999999999,1432.0,,,,,
2024,MAGDALENA,82803.102,,,,10.4113,-74.4057,Colombia,116.77928,324.0,,,,,
2019,META,188968.746,,,,3.2725,-73.0877,Colombia,0.0,936.0,,,,,
2020,META,185369.12,,,,3.2725,-73.0877,Colombia,0.0,800.0,,,,,
2021,META,160289.202,,,,3.2725,-73.0877,Colombia,0.0,822.0,,,,,
2022,META,189168.49,,,,3.2725,-73.0877,Colombia,2365.0665,937.0,,,,,
2023,META,352383.348,,,,3.2725,-73.0877,Colombia,1465.5517,1714.0,,,,,
2024,META,119780.605,,,,3.2725,-73.0877,Colombia,2640.3457,358.0,,,,,
2019,NARIÑO,252025.566,,,,1.2892,-77.357,Colombia,0.0,1166.0,,,,,
2020,NARIÑO,235671.046,,,,1.2892,-77.357,Colombia,0.0,1074.0,,,,,
2021,NARIÑO,261943.594,,,,1.2892,-77.357,Colombia,0.0,1398.0,,,,,
2022,NARIÑO,277429.6,,,,1.2892,-77.357,Colombia,7461.732199999999,1287.0,,,,,
2023,NARIÑO,380256.122,,,,1.2892,-77.357,Colombia,12876.2979,1937.0,,,,,
2024,NARIÑO,166501.441,,,,1.2892,-77.357,Colombia,13643.1894,389.0,,,,,
2019,NORTE DE SANTANDER,161501.83,,,,7.9209,-72.7384,Colombia,0.0,2374.0,,,,,
2020,NORTE DE SANTANDER,333313.578,,,,7.9209,-72.7384,Colombia,0.0,1534.0,,,,,
2021,NORTE DE SANTANDER,239804.156,,,,7.9209,-72.7384,Colombia,0.0,1610.0,,,,,
2022,NORTE DE SANTANDER,305473.378,,,,7.9209,-72.7384,Colombia,8280.57634,1777.0,,,,,
2023,NORTE DE SANTANDER,402217.267,,,,7.9209,-72.7384,Colombia,10381.12882,2176.0,,,,,
2024,NORTE DE SANTANDER,147034.913,,,,7.9209,-72.7384,Colombia,9298.01359,401.0,,,,,
2019,PUTUMAYO,89544.88,,,,0.4352,-76.6336,Colombia,0.0,370.0,,,,,
2020,PUTUMAYO,73849.194,,,,0.4352,-76.6336,Colombia,0.0,240.0,,,,,
2021,PUTUMAYO,79100.896,,,,0.4352,-76.6336,Colombia,0.0,238.0,,,,,
2022,PUTUMAYO,70614.573,,,,0.4352,-76.6336,Colombia,11968.145,235.0,,,,,
2023,PUTUMAYO,175537.471,,,,0.4352,-76.6336,Colombia,8849.53713,426.0,,,,,
2024,PUTUMAYO,59211.998,,,,0.4352,-76.6336,Colombia,10245.6985,115.0,,,,,
2019,QUINDIO,136099.494,,,,4.5146,-75.69,Colombia,0.0,518.0,,,,,
2020,QUINDIO,213140.156,,,,4.5146,-75.69,Colombia,0.0,554.0,,,,,
2021,QUINDIO,153476.276,,,,4.5146,-75.69,Colombia,0.0,450.0,,,,,
2022,QUINDIO,129711.397,,,,4.5146,-75.69,Colombia,506.04214,378.0,,,,,
2023,QUINDIO,223161.551,,,,4.5146,-75.69,Colombia,51.1559,586.0,,,,,
2024,QUINDIO,111435.813,,,,4.5146,-75.69,Colombia,53.77077,154.0,,,,,
2019,RISARALDA,202837.108,,,,5.3159,-75.8302,Colombia,0.0,770.0,,,,,
2020,RISARALDA,247653.538,,,,5.3159,-75.8302,Colombia,0.0,658.0,,,,,
2021,RISARALDA,266998.416,,,,5.3159,-75.8302,Colombia,0.0,680.0,,,,,
2022,RISARALDA,335189.766,,,,5.3159,-75.8302,Colombia,34.897,701.0,,,,,
2023,RISARALDA,373837.252,,,,5.3159,-75.8302,Colombia,50.5067,960.0,,,,,
2024,RISARALDA,155096.173,,,,5.3159,-75.8302,Colombia,90.5159,176.0,,,,,
2019,SAN ANDRES,12804.684,,,,12.5561,-81.718,Colombia,0.0,124.0,,,,,
2020,SAN ANDRES,19831.978,,,,12.5561,-81.718,Colombia,0.0,108.0,,,,,
2021,SAN ANDRES,28625.876,,,,12.5561,-81.718,Colombia,0.0,114.0,,,,,
2022,SAN ANDRES,21797.865,,,,12.5561,-81.718,Colombia,0.091,106.0,,,,,
2023,SAN ANDRES,18500.453,,,,12.5561,-81.718,Colombia,0.0324,170.0,,,,,
2024,SAN ANDRES,6546.285,,,,12.5561,-81.718,Colombia,0.05,23.0,,,,,
2019,SANTANDER,287775.812,,,,7.1298,-73.1254,Colombia,0.0,2194.0,,,,,
2020,SANTANDER,797440.318,,,,7.1298,-73.1254,Colombia,0.0,1658.0,,,,,
2021,SANTANDER,354391.82,,,,7.1298,-73.1254,Colombia,0.0,1890.0,,,,,
2022,SANTANDER,448624.341,,,,7.1298,-73.1254,Colombia,118.66699,2045.0,,,,,
2023,SANTANDER,708549.737,,,,7.1298,-73.1254,Colombia,167.03731,3377.0,,,,,
2024,SANTANDER,354307.053,,,,7.1298,-73.1254,Colombia,108.25524,580.0,,,,,
2019,SUCRE,78840.298,,,,9.2719,-75.4268,Colombia,0.0,856.0,,,,,
2020,SUCRE,92260.44,,,,9.2719,-75.4268,Colombia,0.0,836.0,,,,,
2021,SUCRE,126736.514,,,,9.2719,-75.4268,Colombia,0.0,994.0,,,,,
2022,SUCRE,75664.418,,,,9.2719,-75.4268,Colombia,17.947,491.0,,,,,
2023,SUCRE,85334.429,,,,9.2719,-75.4268,Colombia,74.818,831.0,,,,,
2024,SUCRE,59084.105,,,,9.2719,-75.4268,Colombia,29.0955,152.0,,,,,
2019,TOLIMA,207497.274,,,,4.0925,-75.1545,Colombia,0.0,1050.0,,,,,
2020,TOLIMA,274648.492,,,,4.0925,-75.1545,Colombia,0.0,792.0,,,,,
2021,TOLIMA,195846.632,,,,4.0925,-75.1545,Colombia,0.0,808.0,,,,,
2022,TOLIMA,164317.005,,,,4.0925,-75.1545,Colombia,67.9611,836.0,,,,,
2023,TOLIMA,240627.718,,,,4.0925,-75.1545,Colombia,192.4333,1468.0,,,,,
2024,TOLIMA,85974.031,,,,4.0925,-75.1545,Colombia,86.677,253.0,,,,,
2019,VALLE DEL CAUCA,818001.266,,,,3.8005,-76.2923,Colombia,0.0,4528.0,,,,,
2020,VALLE DEL CAUCA,4610699.936,,,,3.8005,-76.2923,Colombia,0.0,3998.0,,,,,
2021,VALLE DEL CAUCA,589310.592,,,,3.8005,-76.2923,Colombia,0.0,4956.0,,,,,
2022,VALLE DEL CAUCA,616043.729,,,,3.8005,-76.2923,Colombia,524.79772,4512.0,,,,,
2023,VALLE DEL CAUCA,742022.711,,,,3.8005,-76.2923,Colombia,1920.96297,6502.0,,,,,
2024,VALLE DEL CAUCA,308720.413,,,,3.8005,-76.2923,Colombia,1301.8504,1176.0,,,,,
2019,VAUPES,5040.02,,,,0.8554,-70.812,Colombia,0.0,42.0,,,,,
2020,VAUPES,16227.646,,,,0.8554,-70.812,Colombia,0.0,14.0,,,,,
2021,VAUPES,5591.84,,,,0.8554,-70.812,Colombia,0.0,14.0,,,,,
2022,VAUPES,9768.64,,,,0.8554,-70.812,Colombia,0.368,30.0,,,,,
2023,VAUPES,16072.032,,,,0.8554,-70.812,Colombia,0.058,42.0,,,,,
2024,VAUPES,2508.0,,,,0.8554,-70.812,Colombia,0.0245,5.0,,,,,
2019,VICHADA,7495.172,,,,4.9201,-69.2878,Colombia,0.0,112.0,,,,,
2020,VICHADA,9838.226,,,,4.9201,-69.2878,Colombia,0.0,66.0,,,,,
2021,VICHADA,9015.47,,,,4.9201,-69.2878,Colombia,0.0,80.0,,,,,
2022,VICHADA,16183.405,,,,4.9201,-69.2878,Colombia,181.302,74.0,,,,,
2023,VICHADA,14034.997,,,,4.9201,-69.2878,Colombia,17.504,126.0,,,,,
2024,VICHADA,2812.423,,,,4.9201,-69.2878,Colombia,388.2423,5.0,,,,,
2023,AGUAS INTERNACIONALES,0.0,,,,,,Colombia,82.82,0.0,,,,,
2022,BOGOTA D.C.,0.0,,,,4.711,74.0721,Colombia,117.4578,0.0,,,,,
2023,BOGOTA D.C.,0.0,,,,4.711,74.0721,Colombia,115.0169,0.0,,,,,
2024,BOGOTA D.C.,0.0,,,,4.711,74.0721,Colombia,121.3019,0.0,,,,,
2019,AZUAY,,,8737.9,0.0,-2.8974,-79.0045,Ecuador,,,non,non,non,non,
2019,BOLIVAR,0.0,0.79,,,-1.5932,-79.0193,Ecuador,0.0,,non,0,1.08,1.9,
2019,CARCHI,,,10503.0,60.0,0.81,-77.8355,Ecuador,,,non,non,non,non,
2019,CAÑAR,0.24,2.38,,,-2.56,-78.94,Ecuador,0.0,,non,0,4.63,7.2,
2019,CHIMBORAZO,0.12,10.81,,,-1.6643,-78.6546,Ecuador,0.0,,non,0,16.71,27.6,
2019,COTOPAXI,,,7000.0,0.0,-0.8082,-78.8084,Ecuador,,,non,non,non,non,
2019,EL ORO,,,2587.62,8804.95,-3.2581,-79.9557,Ecuador,,,non,non,non,non,
2019,ESMERALDAS,,,0.0,3688.48,0.9682,-79.6517,Ecuador,,,non,non,non,non,
2019,GALAPAGOS,2.42,1.16,,,-0.9538,-90.9656,Ecuador,0.0,,non,0,11.44,15,
2019,GUAYAS,,,1492474.0,16894.44,-1.9426,-79.6971,Ecuador,,,non,non,non,non,
2019,IMBABURA,,,671061.0,760.0,0.353,-78.121,Ecuador,,,non,non,non,non,
2019,LOJA,0.02,19.14,,,-3.9931,-79.2042,Ecuador,0.0,,non,0,509.51,528.7,
2019,LOS RIOS,,,14600.0,0.0,-1.4998,-79.476,Ecuador,,,non,non,non,non,
2019,MANABI,6.62,100.78,,,-0.7423,-80.0932,Ecuador,0.79,,non,0,519.56,627.8,
2019,MORONA SANTIAGO,0.0,0.97,,,-2.9134,-78.2633,Ecuador,0.0,,non,0,351.68,352.6,
2019,NAPO,2.24,108.31,,,-0.9917,-77.8121,Ecuador,0.0,,non,0,95.78,206.3,
2019,ORELLANA,,,0.0,624594.0,-0.4667,-76.9873,Ecuador,,,non,non,non,non,
2019,PASTAZA,,,7500.0,0.0,-1.4445,-78.0027,Ecuador,,,non,non,non,non,
2019,PICHINCHA,,,5000.0,0.0,-0.2333,-78.5167,Ecuador,,,non,non,non,non,
2019,SANTA ELENA,0.01,11.21,,,-2.2297,-80.8594,Ecuador,10.08,,non,0,25.14,46.4,
2019,SANTO DOMINGO DE LOS TSACHILAS,,,27562.0,0.0,-0.2531,-79.1753,Ecuador,,,non,non,non,non,
2019,SUCUMBIOS,,,12648849.85,120.0,0.0881,-76.8898,Ecuador,,,non,non,non,non,
2019,TUNGURAHUA,0.54,9.14,,,-1.2591,-78.5469,Ecuador,0.0,,non,0,32.2,41.9,
2019,ZAMORA CHINCHIPE,0.0,3.11,,,-4.0689,-78.9513,Ecuador,0.0,,non,0,0.89,4,
2020,AZUAY,0.77,17.4,,,-2.8974,-79.0045,Ecuador,0.0,,non,203,64.88,83,
2020,BOLIVAR,0.0,61.59,,,-1.5932,-79.0193,Ecuador,0.0,,non,49,3.26,64.9,
2020,CARCHI,,,,,0.81,-77.8355,Ecuador,,,1,non,non,non,
2020,CAÑAR,3.06,25.69,,,-2.56,-78.94,Ecuador,0.01,,non,88,9.69,38.4,
2020,CHIMBORAZO,,,8469.83,0.0,-1.6643,-78.6546,Ecuador,,,non,non,non,non,
2020,COTOPAXI,0.0,13.33,,,-0.8082,-78.8084,Ecuador,0.0,,non,116,16.91,30.2,
2020,EL ORO,,,,,-3.2581,-79.9557,Ecuador,,,1,non,non,non,
2020,ESMERALDAS,,,,,0.9682,-79.6517,Ecuador,,,1,non,non,non,
2020,GALAPAGOS,23.32,0.44,,,-0.9538,-90.9656,Ecuador,0.0,,non,33,2.92,26.7,
2020,GUAYAS,,,,,-1.9426,-79.6971,Ecuador,,,1,non,non,non,
2020,IMBABURA,,,6261.79,0.0,0.353,-78.121,Ecuador,,,non,non,non,non,
2020,LOJA,0.0,14.14,,,-3.9931,-79.2042,Ecuador,0.0,,non,173,166.8,180.9,
2020,LOS RIOS,,,0.0,1440.0,-1.4998,-79.476,Ecuador,,,non,non,non,non,
2020,MANABI,,,2900.0,7880.0,-0.7423,-80.0932,Ecuador,,,non,non,non,non,
2020,MORONA SANTIAGO,0.0,4.8,,,-2.9134,-78.2633,Ecuador,0.0,,non,79,13.72,18.5,
2020,NAPO,0.66,82.0,,,-0.9917,-77.8121,Ecuador,0.0,,non,103,255.74,338.4,
2020,ORELLANA,0.02,1.22,,,-0.4667,-76.9873,Ecuador,0.0,,non,71,14.7,15.9,
2020,PASTAZA,,,400.0,19.0,-1.4445,-78.0027,Ecuador,,,non,non,non,non,
2020,PICHINCHA,,,,,-0.2333,-78.5167,Ecuador,,,1,non,non,non,
2020,SANTA ELENA,0.0,1.92,,,-2.2297,-80.8594,Ecuador,1.73,,non,140,3.6,7.3,
2020,SANTO DOMINGO DE LOS TSACHILAS,,,2150.0,0.0,-0.2531,-79.1753,Ecuador,,,non,non,non,non,
2020,SUCUMBIOS,,,,,0.0881,-76.8898,Ecuador,,,2,non,non,non,
2020,TUNGURAHUA,0.41,26.01,,,-1.2591,-78.5469,Ecuador,0.0,,non,219,52.83,79.2,
2020,ZAMORA CHINCHIPE,0.01,3.57,,,-4.0689,-78.9513,Ecuador,0.0,,non,42,2.86,6.4,
2021,AZUAY,2.76,12.56,,,-2.8974,-79.0045,Ecuador,0.0,,non,139,196.76,212.1,
2021,BOLIVAR,0.0,0.33,,,-1.5932,-79.0193,Ecuador,0.0,,non,43,9.55,9.9,
2021,CARCHI,555.78,26.68,10144.02,10.0,0.81,-77.8355,Ecuador,103.65,,1,308,2388.62,3074.7,
2021,CAÑAR,0.02,7.77,,,-2.56,-78.94,Ecuador,0.0,,non,125,6.63,14.4,
2021,CHIMBORAZO,,,1493.7,0.0,-1.6643,-78.6546,Ecuador,,,non,non,non,non,
2021,COTOPAXI,0.65,8.42,,,-0.8082,-78.8084,Ecuador,0.0,,non,150,18.58,27.6,
2021,EL ORO,,,5060.03,0.0,-3.2581,-79.9557,Ecuador,,,non,non,non,non,
2021,ESMERALDAS,103.0,43.22,,,0.9682,-79.6517,Ecuador,0.0,,1,386,2889.89,3036.1,
2021,GALAPAGOS,,,0.0,864.0,-0.9538,-90.9656,Ecuador,,,non,non,non,non,
2021,GUAYAS,,,1749.03,0.0,-1.9426,-79.6971,Ecuador,,,non,non,non,non,
2021,IMBABURA,,,1000.0,0.0,0.353,-78.121,Ecuador,,,non,non,non,non,
2021,LOJA,,,125.0,0.0,-3.9931,-79.2042,Ecuador,,,non,non,non,non,
2021,LOS RIOS,17.61,53.03,,,-1.4998,-79.476,Ecuador,12.13,,non,506,329.61,412.4,
2021,MANABI,,,249.0,7975.82,-0.7423,-80.0932,Ecuador,,,non,non,non,non,
2021,MORONA SANTIAGO,0.0,4.83,,,-2.9134,-78.2633,Ecuador,0.0,,non,95,9.77,14.6,
2021,NAPO,,,1497.98,0.0,-0.9917,-77.8121,Ecuador,,,non,non,non,non,
2021,ORELLANA,0.24,262.7,,,-0.4667,-76.9873,Ecuador,0.03,,non,72,28.67,291.6,
2021,PASTAZA,0.12,1.85,,,-1.4445,-78.0027,Ecuador,0.0,,non,90,5.99,8,
2021,PICHINCHA,,,44.43,0.0,-0.2333,-78.5167,Ecuador,,,non,non,non,non,
2021,SANTA ELENA,0.25,12.09,,,-2.2297,-80.8594,Ecuador,3.18,,non,176,8.75,24.3,
2021,SANTO DOMINGO DE LOS TSACHILAS,98.41,31.69,,,-0.2531,-79.1753,Ecuador,0.08,,non,417,836.84,967,
2021,SUCUMBIOS,,,,,0.0881,-76.8898,Ecuador,,,2,non,non,non,
2021,TUNGURAHUA,12.1,20.48,,,-1.2591,-78.5469,Ecuador,0.0,,non,253,1177.46,1210,
2021,ZAMORA CHINCHIPE,0.02,16.81,,,-4.0689,-78.9513,Ecuador,1.44,,non,41,4.8,23.1,
2022,AZUAY,6.21,12.57,,,-2.8974,-79.0045,Ecuador,0.0,,non,214,69.44,88.23,
2022,BOLIVAR,0.02,1.25,,,-1.5932,-79.0193,Ecuador,0.0,,non,46,8.71,9.98,
2022,CARCHI,,,7500.0,0.0,0.81,-77.8355,Ecuador,,,non,non,non,non,
2022,CAÑAR,0.04,12.17,,,-2.56,-78.94,Ecuador,0.02,,non,121,5.99,18.22,
2022,CHIMBORAZO,0.97,6.38,,,-1.6643,-78.6546,Ecuador,0.0,,non,129,73.23,80.57,
2022,COTOPAXI,0.08,10.41,,,-0.8082,-78.8084,Ecuador,0.0,,non,135,37.26,47.75,
2022,EL ORO,,,546.58,0.0,-3.2581,-79.9557,Ecuador,,,non,non,non,non,
2022,ESMERALDAS,146.28,66.6,,,0.9682,-79.6517,Ecuador,0.0,,1,461,1905.91,2118.8,
2022,GALAPAGOS,25.53,2.56,,,-0.9538,-90.9656,Ecuador,0.0,,non,44,3.16,31.25,
2022,GUAYAS,,,4247.08,1121.61,-1.9426,-79.6971,Ecuador,,,non,non,non,non,
2022,IMBABURA,,,3950.0,480.0,0.353,-78.121,Ecuador,,,non,non,non,non,
2022,LOJA,2.48,17.46,,,-3.9931,-79.2042,Ecuador,0.0,,non,205,104.03,123.97,
2022,LOS RIOS,0.02,172.33,,,-1.4998,-79.476,Ecuador,1.25,,non,391,468.7,642.3,
2022,MANABI,355.78,57.78,,,-0.7423,-80.0932,Ecuador,0.29,,non,647,442.39,856.24,
2022,MORONA SANTIAGO,0.45,4.11,,,-2.9134,-78.2633,Ecuador,0.0,,non,81,14.17,18.74,
2022,NAPO,,,0.0,35.01,-0.9917,-77.8121,Ecuador,,,non,non,non,non,
2022,ORELLANA,3.96,6.46,,,-0.4667,-76.9873,Ecuador,0.0,,non,95,6.92,17.35,
2022,PASTAZA,113.51,153.5,,,-1.4445,-78.0027,Ecuador,0.0,,non,106,45.5,312.52,
2022,PICHINCHA,3.19,158.52,54677.84,18.72,-0.2333,-78.5167,Ecuador,0.01,,1,1328,1709.85,1871.57,
2022,SANTA ELENA,0.0,14.84,,,-2.2297,-80.8594,Ecuador,4.01,,non,240,33.33,52.18,
2022,SANTO DOMINGO DE LOS TSACHILAS,,,2250.0,1860.0,-0.2531,-79.1753,Ecuador,,,non,non,non,non,
2022,SUCUMBIOS,,,0.0,13114.57,0.0881,-76.8898,Ecuador,,,non,non,non,non,
2022,TUNGURAHUA,1.43,17.96,,,-1.2591,-78.5469,Ecuador,0.0,,non,200,19.62,39.01,
2022,ZAMORA CHINCHIPE,0.0,6.31,,,-4.0689,-78.9513,Ecuador,0.0,,non,47,2.5,8.81,
2023,AZUAY,0.63,9.34,,,-2.8974,-79.0045,Ecuador,0.0,,non,0,13.21,23.18,
2023,BOLIVAR,0.02,1.06,,,-1.5932,-79.0193,Ecuador,0.0,,non,0,2.38,3.45,
2023,CARCHI,161.18,31.1,,,0.81,-77.8355,Ecuador,52.35,,1,0,2508.84,2753.47,
2023,CAÑAR,0.44,2.02,,,-2.56,-78.94,Ecuador,0.01,,non,0,6.92,9.39,
2023,CHIMBORAZO,2.34,21.07,,,-1.6643,-78.6546,Ecuador,0.0,,non,0,40.42,63.83,
2023,COTOPAXI,0.55,12.78,,,-0.8082,-78.8084,Ecuador,0.0,,non,0,14.3,27.63,
2023,EL ORO,57.85,25.69,,,-3.2581,-79.9557,Ecuador,0.0,,non,0,209.78,293.31,
2023,ESMERALDAS,327.67,307.39,,,0.9682,-79.6517,Ecuador,0.0,,non,0,4656.29,5291.35,
2023,GALAPAGOS,0.02,25.25,,,-0.9538,-90.9656,Ecuador,0.0,,non,0,32.42,57.69,
2023,GUAYAS,1.89,0.19,,,-1.9426,-79.6971,Ecuador,0.0,,non,0,1.36,3.43,
2023,IMBABURA,315.56,202.62,,,0.353,-78.121,Ecuador,65.59,,non,0,2142.2,2725.96,
2023,LOJA,14.3,38.96,,,-3.9931,-79.2042,Ecuador,0.07,,non,0,797.12,850.44,
2023,LOS RIOS,4.64,49.59,,,-1.4998,-79.476,Ecuador,0.0,,non,0,69.87,124.1,
2023,MANABI,12.0,71.62,,,-0.7423,-80.0932,Ecuador,20.06,,non,0,994.71,1098.39,
2023,MORONA SANTIAGO,30.4,75.01,,,-2.9134,-78.2633,Ecuador,0.84,,non,0,343.29,449.54,
2023,NAPO,0.47,9.89,,,-0.9917,-77.8121,Ecuador,0.0,,non,0,37.55,47.91,
2023,ORELLANA,37.34,221.11,,,-0.4667,-76.9873,Ecuador,3.99,,non,0,98.97,361.41,
2023,PASTAZA,0.0,113.25,,,-1.4445,-78.0027,Ecuador,0.0,,non,0,314.36,427.61,
2023,PICHINCHA,5.47,204.41,,,-0.2333,-78.5167,Ecuador,0.04,,non,0,1357.73,1567.64,
2023,SANTA ELENA,0.0,19.5,,,-2.2297,-80.8594,Ecuador,4.05,,non,0,144.65,168.21,
2023,SANTO DOMINGO DE LOS TSACHILAS,14.01,84.2,,,-0.2531,-79.1753,Ecuador,0.0,,non,0,773.32,871.53,
2023,SUCUMBIOS,19.24,80.73,,,0.0881,-76.8898,Ecuador,0.0,,1,0,112.82,212.79,
2023,TUNGURAHUA,0.55,50.32,,,-1.2591,-78.5469,Ecuador,0.0,,non,0,95.19,146.06,
2023,ZAMORA CHINCHIPE,0.06,22.48,,,-4.0689,-78.9513,Ecuador,0.0,,non,0,15.98,38.51,
2024,AZUAY,0.37,17.47,,,-2.8974,-79.0045,Ecuador,7.91,,non,51,0,25.7514,
2024,BOLIVAR,1.0,13.55,,,-1.5932,-79.0193,Ecuador,2.26,,non,18,0,16.81,
2024,CARCHI,,,12371.98,0.0,0.81,-77.8355,Ecuador,,,non,non,non,non,
2024,CAÑAR,0.08,0.38,,,-2.56,-78.94,Ecuador,0.63,,non,28,0,1.088,
2024,CHIMBORAZO,0.05,34.48,,,-1.6643,-78.6546,Ecuador,6.31,,non,52,0,40.844,
2024,COTOPAXI,0.0,1.0,,,-0.8082,-78.8084,Ecuador,157.73,,non,42,0,158.73,
2024,EL ORO,,,12021.98,0.0,-3.2581,-79.9557,Ecuador,,,non,non,non,non,
2024,ESMERALDAS,,,1250.0,2200.0,0.9682,-79.6517,Ecuador,,,non,non,non,non,
2024,FRANCISCO DE ORELLANA,,,100.12,12.0,-2.8974,-79.0045,Ecuador,,,non,non,non,non,
2024,GALAPAGOS,0.0,7.81,,,-0.9538,-90.9656,Ecuador,1.22,,non,8,0,9.03,
2024,GUAYAS,,,8346.76,0.0,-1.9426,-79.6971,Ecuador,,,non,non,non,non,
2024,IMBABURA,,,3275.09,0.0,0.353,-78.121,Ecuador,,,non,non,non,non,
2024,LOJA,0.69,9.23,,,-3.9931,-79.2042,Ecuador,22.1,,non,62,0,32.02,
2024,LOS RIOS,588.01,454.39,,,-1.4998,-79.476,Ecuador,10.59,,non,154,1.46,1054.45,
2024,MANABI,0.11,156.59,,,-0.7423,-80.0932,Ecuador,0.89,,non,187,0,157.59,
2024,MORONA SANTIAGO,,,3250.0,0.0,-2.9134,-78.2633,Ecuador,,,non,non,non,non,
2024,NAPO,0.05,21.58,,,-0.9917,-77.8121,Ecuador,12.16,,non,24,0,33.794,
2024,PASTAZA,0.0,4.28,,,-1.4445,-78.0027,Ecuador,0.96,,non,29,0,5.24,
2024,PICHINCHA,,,611.11,0.0,-0.2333,-78.5167,Ecuador,,,non,non,non,non,
2024,SANTA ELENA,0.77,1.32,,,-2.2297,-80.8594,Ecuador,4.12,,non,48,1.67,7.876,
2024,SANTO DOMINGO DE LOS TSACHILAS,5.14,137.21,,,-0.2531,-79.1753,Ecuador,3.06,,non,77,0,145.41,
2024,SUCUMBIOS,0.02,1.11,,,0.0881,-76.8898,Ecuador,1.44,,non,28,0.01,2.575,
2024,TUNGURAHUA,4.27,54.34,,,-1.2591,-78.5469,Ecuador,17.32,,non,76,0,75.93,
2024,ZAMORA CHINCHIPE,0.02,2.16,,,-4.0689,-78.9513,Ecuador,7.14,,non,16,0,9.32,
2019,Amazonas,40.0,,,,-6.2291,-77.8724,Peru,,,,,,,28.0
2019,Áncash,517.0,,,,-9.5296,-77.5278,Peru,,,,,,,132.0
2019,Apurímac,600.0,,,,-14.027,-72.9826,Peru,,,,,,,48.0
2019,Arequipa,2139.0,,,,-16.409,-71.5375,Peru,,,,,,,78.0
2019,Ayacucho,6008.0,,,,-13.1588,-74.2239,Peru,,,,,,,453.0
2019,Cajamarca,101.0,,,,-7.1617,-78.5125,Peru,,,,,,,36.0
2019,Prov. Const. del Callao,4232.0,,,,-12.0219,-77.1143,Peru,,,,,,,407.0
2019,Cusco,4201.0,,,,-13.532,-71.9675,Peru,,,,,,,260.0
2019,Huancavelica,271.0,,,,-12.787,-74.9753,Peru,,,,,,,14.0
2019,Huánuco,9532.0,,,,-9.9306,-76.2422,Peru,,,,,,,390.0
2019,Ica,1199.0,,,,-14.0678,-75.7286,Peru,,,,,,,188.0
2019,Junín,1898.0,,,,-11.1582,-75.9936,Peru,,,,,,,161.0
2019,La Libertad,4055.0,,,,-8.1152,-79.0288,Peru,,,,,,,143.0
2019,Lambayeque,133.0,,,,-6.7011,-79.9061,Peru,,,,,,,86.0
2019,Lima Metropolitana,4995.0,,,,-12.0464,-77.0428,Peru,,,,,,,700.0
2019,Loreto,2778.0,,,,-3.7491,-73.2538,Peru,,,,,,,338.0
2019,Madre de Dios,461.0,,,,-11.9414,-69.8731,Peru,,,,,,,47.0
2019,Moquegua,236.0,,,,-17.1927,-70.9322,Peru,,,,,,,28.0
2019,Pasco,952.0,,,,-10.6822,-76.2565,Peru,,,,,,,120.0
2019,Piura,9156.0,,,,-5.1945,-80.6328,Peru,,,,,,,129.0
2019,Puno,2466.0,,,,-15.8402,-70.0219,Peru,,,,,,,249.0
2019,San Martín,1147.0,,,,-7.0509,-76.953,Peru,,,,,,,116.0
2019,Tacna,1416.0,,,,-18.0066,-70.2468,Peru,,,,,,,76.0
2019,Tumbes,1803.0,,,,-3.5669,-80.4515,Peru,,,,,,,54.0
2019,Ucayali,1088.0,,,,-8.3792,-74.5539,Peru,,,,,,,352.0
2020,Amazonas,71.0,,,,-6.2291,-77.8724,Peru,,,,,,,20.0
2020,Áncash,141.0,,,,-9.5296,-77.5278,Peru,,,,,,,72.0
2020,Apurímac,260.0,,,,-14.027,-72.9826,Peru,,,,,,,25.0
2020,Arequipa,1100.0,,,,-16.409,-71.5375,Peru,,,,,,,47.0
2020,Ayacucho,8211.0,,,,-13.1588,-74.2239,Peru,,,,,,,373.0
2020,Cajamarca,70.0,,,,-7.1617,-78.5125,Peru,,,,,,,36.0
2020,Prov. Const. del Callao,3319.0,,,,-12.0219,-77.1143,Peru,,,,,,,330.0
2020,Cusco,6337.0,,,,-13.532,-71.9675,Peru,,,,,,,140.0
2020,Huancavelica,48.0,,,,-12.787,-74.9753,Peru,,,,,,,6.0
2020,Huánuco,7210.0,,,,-9.9306,-76.2422,Peru,,,,,,,329.0
2020,Ica,574.0,,,,-14.0678,-75.7286,Peru,,,,,,,112.0
2020,Junín,5519.0,,,,-11.1582,-75.9936,Peru,,,,,,,114.0
2020,La Libertad,7518.0,,,,-8.1152,-79.0288,Peru,,,,,,,168.0
2020,Lambayeque,170.0,,,,-6.7011,-79.9061,Peru,,,,,,,64.0
2020,Lima Metropolitana,6437.0,,,,-12.0464,-77.0428,Peru,,,,,,,716.0
2020,Loreto,1774.0,,,,-3.7491,-73.2538,Peru,,,,,,,107.0
2020,Madre de Dios,202.0,,,,-11.9414,-69.8731,Peru,,,,,,,21.0
2020,Moquegua,7.0,,,,-17.1927,-70.9322,Peru,,,,,,,9.0
2020,Pasco,1232.0,,,,-10.6822,-76.2565,Peru,,,,,,,81.0
2020,Piura,1712.0,,,,-5.1945,-80.6328,Peru,,,,,,,151.0
2020,Puno,4662.0,,,,-15.8402,-70.0219,Peru,,,,,,,95.0
2020,San Martín,1118.0,,,,-7.0509,-76.953,Peru,,,,,,,168.0
2020,Tacna,566.0,,,,-18.0066,-70.2468,Peru,,,,,,,49.0
2020,Tumbes,200.0,,,,-3.5669,-80.4515,Peru,,,,,,,64.0
2020,Ucayali,2298.0,,,,-8.3792,-74.5539,Peru,,,,,,,270.0
2021,Amazonas,299.0,,,,-6.2291,-77.8724,Peru,,,,,,,40.0
2021,Áncash,532.0,,,,-9.5296,-77.5278,Peru,,,,,,,81.0
2021,Apurímac,523.0,,,,-14.027,-72.9826,Peru,,,,,,,47.0
2021,Arequipa,985.0,,,,-16.409,-71.5375,Peru,,,,,,,55.0
2021,Ayacucho,6464.0,,,,-13.1588,-74.2239,Peru,,,,,,,386.0
2021,Cajamarca,154.0,,,,-7.1617,-78.5125,Peru,,,,,,,46.0
2021,Prov. Const. del Callao,5256.0,,,,-12.0219,-77.1143,Peru,,,,,,,426.0
2021,Cusco,7387.0,,,,-13.532,-71.9675,Peru,,,,,,,204.0
2021,Huancavelica,93.0,,,,-12.787,-74.9753,Peru,,,,,,,11.0
2021,Huánuco,8128.0,,,,-9.9306,-76.2422,Peru,,,,,,,312.0
2021,Ica,987.0,,,,-14.0678,-75.7286,Peru,,,,,,,161.0
2021,Junín,4150.0,,,,-11.1582,-75.9936,Peru,,,,,,,161.0
2021,La Libertad,6693.0,,,,-8.1152,-79.0288,Peru,,,,,,,242.0
2021,Lambayeque,813.0,,,,-6.7011,-79.9061,Peru,,,,,,,112.0
2021,Lima Metropolitana,5509.0,,,,-12.0464,-77.0428,Peru,,,,,,,1013.0
2021,Loreto,2285.0,,,,-3.7491,-73.2538,Peru,,,,,,,127.0
2021,Madre de Dios,202.0,,,,-11.9414,-69.8731,Peru,,,,,,,56.0
2021,Moquegua,737.0,,,,-17.1927,-70.9322,Peru,,,,,,,20.0
2021,Pasco,425.0,,,,-10.6822,-76.2565,Peru,,,,,,,28.0
2021,Piura,4917.0,,,,-5.1945,-80.6328,Peru,,,,,,,224.0
2021,Puno,4356.0,,,,-15.8402,-70.0219,Peru,,,,,,,161.0
2021,San Martín,1834.0,,,,-7.0509,-76.953,Peru,,,,,,,138.0
2021,Tacna,908.0,,,,-18.0066,-70.2468,Peru,,,,,,,37.0
2021,Tumbes,967.0,,,,-3.5669,-80.4515,Peru,,,,,,,67.0
2021,Ucayali,1914.0,,,,-8.3792,-74.5539,Peru,,,,,,,330.0
2022,Amazonas,2444.0,,,,-6.2291,-77.8724,Peru,,,,,,,72.0
2022,Áncash,778.0,,,,-9.5296,-77.5278,Peru,,,,,,,98.0
2022,Apurímac,330.0,,,,-14.027,-72.9826,Peru,,,,,,,33.0
2022,Arequipa,1042.0,,,,-16.409,-71.5375,Peru,,,,,,,61.0
2022,Ayacucho,11031.0,,,,-13.1588,-74.2239,Peru,,,,,,,498.0
2022,Cajamarca,142.0,,,,-7.1617,-78.5125,Peru,,,,,,,56.0
2022,Prov. Const. del Callao,5102.0,,,,-12.0219,-77.1143,Peru,,,,,,,517.0
2022,Cusco,3486.0,,,,-13.532,-71.9675,Peru,,,,,,,165.0
2022,Huancavelica,116.0,,,,-12.787,-74.9753,Peru,,,,,,,12.0
2022,Huánuco,5058.0,,,,-9.9306,-76.2422,Peru,,,,,,,560.0
2022,Ica,984.0,,,,-14.0678,-75.7286,Peru,,,,,,,199.0
2022,Junín,7416.0,,,,-11.1582,-75.9936,Peru,,,,,,,241.0
2022,La Libertad,1210.0,,,,-8.1152,-79.0288,Peru,,,,,,,154.0
2022,Lambayeque,574.0,,,,-6.7011,-79.9061,Peru,,,,,,,71.0
2022,Lima Metropolitana,11351.0,,,,-12.0464,-77.0428,Peru,,,,,,,1072.0
2022,Loreto,1925.0,,,,-3.7491,-73.2538,Peru,,,,,,,121.0
2022,Madre de Dios,752.0,,,,-11.9414,-69.8731,Peru,,,,,,,86.0
2022,Moquegua,88.0,,,,-17.1927,-70.9322,Peru,,,,,,,16.0
2022,Pasco,814.0,,,,-10.6822,-76.2565,Peru,,,,,,,50.0
2022,Piura,2955.0,,,,-5.1945,-80.6328,Peru,,,,,,,142.0
2022,Puno,1810.0,,,,-15.8402,-70.0219,Peru,,,,,,,235.0
2022,San Martín,872.0,,,,-7.0509,-76.953,Peru,,,,,,,224.0
2022,Tacna,790.0,,,,-18.0066,-70.2468,Peru,,,,,,,63.0
2022,Tumbes,846.0,,,,-3.5669,-80.4515,Peru,,,,,,,130.0
2022,Ucayali,2958.0,,,,-8.3792,-74.5539,Peru,,,,,,,478.0
2023,Amazonas,3550.0,,,,-6.2291,-77.8724,Peru,,,,,,,85.0
2023,Áncash,209.0,,,,-9.5296,-77.5278,Peru,,,,,,,107.0
2023,Apurímac,501.0,,,,-14.027,-72.9826,Peru,,,,,,,36.0
2023,Arequipa,739.0,,,,-16.409,-71.5375,Peru,,,,,,,74.0
2023,Ayacucho,13482.0,,,,-13.1588,-74.2239,Peru,,,,,,,557.0
2023,Cajamarca,325.0,,,,-7.1617,-78.5125,Peru,,,,,,,70.0
2023,Prov. Const. del Callao,7245.0,,,,-12.0219,-77.1143,Peru,,,,,,,598.0
2023,Cusco,3013.0,,,,-13.532,-71.9675,Peru,,,,,,,141.0
2023,Huancavelica,132.0,,,,-12.787,-74.9753,Peru,,,,,,,14.0
2023,Huánuco,12232.0,,,,-9.9306,-76.2422,Peru,,,,,,,575.0
2023,Ica,826.0,,,,-14.0678,-75.7286,Peru,,,,,,,120.0
2023,Junín,2435.0,,,,-11.1582,-75.9936,Peru,,,,,,,182.0
2023,La Libertad,9819.0,,,,-8.1152,-79.0288,Peru,,,,,,,215.0
2023,Lambayeque,641.0,,,,-6.7011,-79.9061,Peru,,,,,,,96.0
2023,Lima Metropolitana,3190.0,,,,-12.0464,-77.0428,Peru,,,,,,,1024.0
2023,Loreto,16492.0,,,,-3.7491,-73.2538,Peru,,,,,,,190.0
2023,Madre de Dios,1385.0,,,,-11.9414,-69.8731,Peru,,,,,,,71.0
2023,Moquegua,107.0,,,,-17.1927,-70.9322,Peru,,,,,,,19.0
2023,Pasco,165.0,,,,-10.6822,-76.2565,Peru,,,,,,,173.0
2023,Piura,6350.0,,,,-5.1945,-80.6328,Peru,,,,,,,212.0
2023,Puno,1437.0,,,,-15.8402,-70.0219,Peru,,,,,,,113.0
2023,San Martín,1126.0,,,,-7.0509,-76.953,Peru,,,,,,,239.0
2023,Tacna,213.0,,,,-18.0066,-70.2468,Peru,,,,,,,56.0
2023,Tumbes,293.0,,,,-3.5669,-80.4515,Peru,,,,,,,73.0
2023,Ucayali,3087.0,,,,-8.3792,-74.5539,Peru,,,,,,,494.0
